{"C:\\Users\\asket\\Desktop\\Data Science\\5. semester\\Data Science in Production\\Re-Exam\\itu-sdse-project_re-exam\\data\\processed\\artifacts\\lead_model_xgboost.json": {"0.0": {"precision": 0.7824427480916031, "recall": 0.8723404255319149, "f1-score": 0.8249496981891348, "support": 235.0}, "1.0": {"precision": 0.8324022346368715, "recall": 0.7233009708737864, "f1-score": 0.7740259740259741, "support": 206.0}, "accuracy": 0.8027210884353742, "macro avg": {"precision": 0.8074224913642373, "recall": 0.7978206982028506, "f1-score": 0.7994878361075544, "support": 441.0}, "weighted avg": {"precision": 0.8057798325095742, "recall": 0.8027210884353742, "f1-score": 0.8011621989201753, "support": 441.0}}, "C:\\Users\\asket\\Desktop\\Data Science\\5. semester\\Data Science in Production\\Re-Exam\\itu-sdse-project_re-exam\\data\\processed\\artifacts\\lead_model_lr.pkl": {"0.0": {"precision": 0.7527272727272727, "recall": 0.8808510638297873, "f1-score": 0.8117647058823529, "support": 235.0}, "1.0": {"precision": 0.8313253012048193, "recall": 0.6699029126213593, "f1-score": 0.7419354838709677, "support": 206.0}, "accuracy": 0.782312925170068, "macro avg": {"precision": 0.7920262869660459, "recall": 0.7753769882255732, "f1-score": 0.7768500948766603, "support": 441.0}, "weighted avg": {"precision": 0.78944199804785, "recall": 0.782312925170068, "f1-score": 0.7791460670289622, "support": 441.0}}}